n_airlines,m_slots,max_demand,bidding_mode,uniform_eff,uniform_rev,uniform_price,uniform_fair,disc_eff,disc_rev,disc_price,disc_fair,welfare_eff,welfare_fair,uniform_alpha,uniform_eq_gap,disc_alpha,disc_eq_gap
20,25,5,truthful,2859.884498715457,2313.7197279481325,92.54878911792531,0.8864,2859.884498715457,2859.884498715457,92.54878911792531,0.8864,2859.884498715457,0.8864,,,,
20,25,5,strategic,2859.884498715457,1503.9178231662863,60.15671292665145,0.8864,2859.884498715457,1858.9249241650473,60.15671292665145,0.8864,2859.884498715457,0.8864,0.65,67.56650837981537,0.65,14.866294050545008
20,25,5,truthful,2768.159807683267,2299.2593075208324,91.9703723008333,0.912,2768.159807683267,2768.1598076832674,91.9703723008333,0.912,2768.159807683267,0.912,,,,
20,25,5,strategic,2768.159807683267,1609.4815152645826,64.37926061058332,0.912,2768.159807683267,1937.7118653782868,64.37926061058332,0.912,2768.159807683267,0.912,0.7,55.70220411159673,0.7,0.0
20,25,5,truthful,3090.3625061233815,2324.225597568281,92.96902390273124,0.88,3090.3625061233815,3090.3625061233815,92.96902390273124,0.88,3090.3625061233815,0.88,,,,
20,25,5,strategic,3090.3625061233815,1743.1691981762108,69.72676792704843,0.88,3090.3625061233815,1545.1812530616908,46.48451195136562,0.88,3090.3625061233815,0.88,0.75,42.37380519093922,0.5,0.0
20,25,5,truthful,3812.9226935154834,2209.50256688154,88.3801026752616,0.8608,3812.9226935154834,3812.9226935154825,88.3801026752616,0.8608,3812.9226935154834,0.8608,,,,
20,25,5,strategic,3812.9226935154834,2099.027438537463,83.96109754149852,0.8608,3812.9226935154834,2097.1074814335157,48.609056471393885,0.8608,3812.9226935154834,0.8608,0.95,14.75574895127783,0.55,0.0
20,25,5,truthful,3565.665462495028,2530.9108332832516,101.23643333133006,0.8608,3565.665462495028,3565.665462495028,101.23643333133006,0.8608,3565.665462495028,0.8608,,,,
20,25,5,strategic,3565.665462495028,2530.9108332832516,101.23643333133006,0.8608,3565.665462495028,1782.832731247514,50.61821666566503,0.8608,3565.665462495028,0.8608,1.0,0.0,0.5,58.054381261695575
20,25,5,truthful,3088.110129475371,2327.5248446579567,93.10099378631827,0.8575999999999999,3088.110129475371,3088.1101294753717,93.10099378631827,0.8575999999999999,3088.110129475371,0.8575999999999999,,,,
20,25,5,strategic,3088.110129475371,2211.148602425059,88.44594409700235,0.8575999999999999,3088.110129475371,1698.4605712114544,51.20554658247505,0.8575999999999999,3088.110129475371,0.8575999999999999,0.95,0.0,0.55,0.0
20,25,5,truthful,3817.5828033504276,3136.162227051117,125.44648908204468,0.896,3817.5828033504276,3817.5828033504276,125.44648908204468,0.896,3817.5828033504276,0.896,,,,
20,25,5,strategic,3817.5828033504276,2352.1216702883376,94.08486681153352,0.896,3817.5828033504276,2290.5496820102567,75.2678934492268,0.896,3817.5828033504276,0.896,0.75,0.0,0.6,39.23615153488747
20,25,5,truthful,2601.4958352941626,2049.0908393380614,81.96363357352246,0.8928,2601.4958352941626,2601.495835294162,81.96363357352246,0.8928,2601.4958352941626,0.8928,,,,
20,25,5,strategic,2601.4958352941626,2049.0908393380614,81.96363357352246,0.8928,2601.4958352941626,1690.9722929412055,53.276361822789596,0.8928,2601.4958352941626,0.8928,1.0,0.0,0.65,0.0
20,25,5,truthful,3349.606716406506,2705.2138252480313,108.20855300992125,0.8672,3349.606716406506,3349.606716406506,108.20855300992125,0.8672,3349.606716406506,0.8672,,,,
20,25,5,strategic,3349.606716406506,2705.2138252480313,108.20855300992125,0.8672,3349.606716406506,2177.244365664229,70.3355594564488,0.8672,3349.606716406506,0.8672,1.0,0.0,0.65,0.0
20,25,5,truthful,3772.1460532103447,2720.109134057907,108.80436536231628,0.8735999999999999,3772.1460532103447,3772.1460532103447,108.80436536231628,0.8735999999999999,3772.1460532103447,0.8735999999999999,,,,
20,25,5,strategic,3772.1460532103447,2584.1036773550113,103.36414709420046,0.8735999999999999,3772.1460532103447,2640.5022372472413,76.16305575362139,0.8735999999999999,3772.1460532103447,0.8735999999999999,0.95,0.0,0.7,48.29607118025378
30,38,5,truthful,4383.977325163759,3410.9067790695326,89.76070471235613,0.9210526315789473,4383.977325163759,4383.977325163759,89.76070471235613,0.9210526315789473,4383.977325163759,0.9210526315789473,,,,
30,38,5,strategic,4383.977325163759,2728.7254232556265,71.80856376988491,0.9210526315789473,4383.977325163759,2411.1875288400674,49.36838759179587,0.9210526315789473,4383.977325163759,0.9210526315789473,0.8,0.0,0.55,0.0
30,38,5,truthful,4307.12217694469,3497.5436482817872,92.04062232320494,0.9335180055401662,4307.12217694469,4307.122176944691,92.04062232320494,0.9335180055401662,4307.12217694469,0.9335180055401662,,,,
30,38,5,strategic,4307.12217694469,2972.9121010395197,78.23452897472421,0.9335180055401662,4307.12217694469,2584.2733061668146,55.22437339392297,0.9335180055401662,4307.12217694469,0.9335180055401662,0.8500000000000001,0.0,0.6,0.0
30,38,5,truthful,4878.726104408966,3635.498130063014,95.67100342271088,0.9210526315789473,4878.726104408966,4878.726104408966,95.67100342271088,0.9210526315789473,4878.726104408966,0.9210526315789473,,,,
30,38,5,strategic,4878.726104408966,3635.498130063014,95.67100342271088,0.9210526315789473,4878.726104408966,2927.23566264538,57.40260205362653,0.9210526315789473,4878.726104408966,0.9210526315789473,1.0,0.0,0.6,6.220905259455023
30,38,5,truthful,5834.059551761744,3678.323057962727,96.79797520954546,0.9058171745152355,5834.059551761744,5834.059551761744,96.79797520954546,0.9058171745152355,5834.059551761744,0.9058171745152355,,,,
30,38,5,strategic,5834.059551761744,3678.323057962727,96.79797520954546,0.9058171745152355,5834.059551761744,3792.138708645133,62.91868388620455,0.9058171745152355,5834.059551761744,0.9058171745152355,1.0,0.0,0.65,0.0
30,38,5,truthful,5072.775339299326,3671.313250805581,96.61350660014688,0.9127423822714682,5072.775339299326,5072.775339299326,96.61350660014688,0.9127423822714682,5072.775339299326,0.9127423822714682,,,,
30,38,5,strategic,5072.775339299326,3671.313250805581,96.61350660014688,0.9127423822714682,5072.775339299326,3043.665203579596,57.96810396008812,0.9127423822714682,5072.775339299326,0.9127423822714682,1.0,39.872278751878106,0.6,0.0
30,38,5,truthful,4407.86098139468,3386.5175970081623,89.11888413179373,0.9182825484764543,4407.86098139468,4407.86098139468,89.11888413179373,0.9182825484764543,4407.86098139468,0.9182825484764543,,,,
30,38,5,strategic,4407.86098139468,2370.5623179057134,62.38321889225561,0.9182825484764543,4407.86098139468,2865.109637906542,57.92727468566593,0.9182825484764543,4407.86098139468,0.9182825484764543,0.7,11.526321154778216,0.65,27.624470054682234
30,38,5,truthful,5408.700475437259,4166.791538489197,109.65240890761044,0.9210526315789473,5408.700475437259,5408.70047543726,109.65240890761044,0.9210526315789473,5408.700475437259,0.9210526315789473,,,,
30,38,5,strategic,5408.700475437259,3958.451961564736,104.1697884622299,0.9210526315789473,5408.700475437259,4056.5253565779444,82.23930668070783,0.9210526315789473,5408.700475437259,0.9210526315789473,0.95,0.0,0.75,0.0
30,38,5,truthful,3825.280054409953,3082.5081566796084,81.11863570209496,0.9335180055401662,3825.280054409953,3825.280054409954,81.11863570209496,0.9335180055401662,3825.280054409953,0.9335180055401662,,,,
30,38,5,strategic,3825.280054409953,2774.2573410116484,73.00677213188547,0.9335180055401662,3825.280054409953,2677.696038086968,56.78304499146647,0.9335180055401662,3825.280054409953,0.9335180055401662,0.9,0.0,0.7,0.0
30,38,5,truthful,4865.485850287511,3790.069001059236,99.7386579226115,0.9182825484764543,4865.485850287511,4865.48585028751,99.7386579226115,0.9182825484764543,4865.485850287511,0.9182825484764543,,,,
30,38,5,strategic,4865.485850287511,2842.5517507944273,74.80399344195862,0.9182825484764543,4865.485850287511,3405.840095201257,69.81706054582804,0.9182825484764543,4865.485850287511,0.9182825484764543,0.75,44.29095749435907,0.7,0.0
30,38,5,truthful,5675.370074990724,4056.8757522825686,106.75988821796234,0.9113573407202216,5675.370074990724,5675.370074990724,106.75988821796234,0.9113573407202216,5675.370074990724,0.9113573407202216,,,,
30,38,5,strategic,5675.370074990724,3854.03196466844,101.42189380706422,0.9113573407202216,5675.370074990724,3405.2220449944343,64.0559329307774,0.9113573407202216,5675.370074990724,0.9113573407202216,0.95,0.0,0.6,0.0
40,50,5,truthful,5857.969213726745,4666.132175094864,93.32264350189728,0.9416,5857.969213726745,5857.969213726747,93.32264350189728,0.9416,5857.969213726745,0.9416,,,,
40,50,5,strategic,5857.969213726745,4199.518957585377,83.99037915170754,0.9416,5857.969213726745,4100.578449608723,65.3258504513281,0.9416,5857.969213726745,0.9416,0.9,47.710477814453505,0.7,0.0
40,50,5,truthful,6293.427984219118,4709.229641388177,94.18459282776354,0.9456,6293.427984219118,6293.427984219119,94.18459282776354,0.9456,6293.427984219118,0.9456,,,,
40,50,5,strategic,6293.427984219118,4238.3066772493585,84.76613354498718,0.9456,6293.427984219118,4405.3995889533835,65.92921497943448,0.9456,6293.427984219118,0.9456,0.9,0.0,0.7,41.84084245048974
40,50,5,truthful,6359.328536852552,5013.324908314896,100.26649816629792,0.9424,6359.328536852552,6359.32853685255,100.26649816629792,0.9424,6359.328536852552,0.9424,,,,
40,50,5,strategic,6359.328536852552,4762.658662899152,95.25317325798302,0.9424,6359.328536852552,4133.563548954158,65.17322380809365,0.9424,6359.328536852552,0.9424,0.95,26.8009358628573,0.65,0.0
40,50,5,truthful,7208.030402096476,4753.171919453346,95.06343838906693,0.9336,7208.030402096476,7208.030402096474,95.06343838906693,0.9336,7208.030402096476,0.9336,,,,
40,50,5,strategic,7208.030402096476,3802.537535562677,76.05075071125354,0.9336,7208.030402096476,3964.416721153061,52.284891113986816,0.9336,7208.030402096476,0.9336,0.8,18.48468219905932,0.55,0.0
40,50,5,truthful,6592.219933224592,4892.516372786386,97.85032745572771,0.9296,6592.219933224592,6592.219933224593,97.85032745572771,0.9296,6592.219933224592,0.9296,,,,
40,50,5,strategic,6592.219933224592,4892.516372786386,97.85032745572771,0.9296,6592.219933224592,3625.720963273526,53.81768010065024,0.9296,6592.219933224592,0.9296,1.0,0.0,0.55,0.0
40,50,5,truthful,5599.738578935271,4173.297340724664,83.46594681449328,0.9376,5599.738578935271,5599.738578935269,83.46594681449328,0.9376,5599.738578935271,0.9376,,,,
40,50,5,strategic,5599.738578935271,4173.297340724664,83.46594681449328,0.9376,5599.738578935271,2799.8692894676346,41.73297340724664,0.9376,5599.738578935271,0.9376,1.0,0.0,0.5,11.863080164298317
40,50,5,truthful,6935.712041121301,5414.014158861368,108.28028317722736,0.9392,6935.712041121301,6935.712041121301,108.28028317722736,0.9392,6935.712041121301,0.9392,,,,
40,50,5,strategic,6935.712041121301,4872.6127429752305,97.45225485950462,0.9392,6935.712041121301,4854.99842878491,75.79619822405915,0.9392,6935.712041121301,0.9392,0.9,0.0,0.7,0.0
40,50,5,truthful,5105.038229879492,4124.060562993686,82.48121125987372,0.944,5105.038229879492,5105.038229879492,82.48121125987372,0.944,5105.038229879492,0.944,,,,
40,50,5,strategic,5105.038229879492,4124.060562993686,82.48121125987372,0.944,5105.038229879492,2807.771026433721,45.36466619293055,0.944,5105.038229879492,0.944,1.0,96.3547651044998,0.55,0.0
40,50,5,truthful,6623.619977495279,5020.182580266661,100.40365160533321,0.9304,6623.619977495279,6623.619977495278,100.40365160533321,0.9304,6623.619977495279,0.9304,,,,
40,50,5,strategic,6623.619977495279,5020.182580266661,100.40365160533321,0.9304,6623.619977495279,4305.352985371931,65.2623735434666,0.9304,6623.619977495279,0.9304,1.0,39.169983981795916,0.65,7.336729676472501
40,50,5,truthful,6954.916572067645,5065.586493484805,101.3117298696961,0.9319999999999999,6954.916572067645,6957.723838035778,101.3117298696961,0.9319999999999999,6954.916572067645,0.9319999999999999,,,,
40,50,5,strategic,6954.916572067645,5065.586493484805,101.3117298696961,0.9319999999999999,6954.916572067645,4522.520494723256,65.85262441530246,0.9319999999999999,6954.916572067645,0.9319999999999999,1.0,0.0,0.65,0.0
50,62,5,truthful,8387.070907327045,6390.409955522551,103.07112831487984,0.9484911550468262,8387.070907327045,8387.070907327045,103.07112831487984,0.9484911550468262,8387.070907327045,0.9484911550468262,,,,
50,62,5,strategic,8387.070907327045,6070.8894577464225,97.91757189913585,0.9484911550468262,8387.070907327045,4612.888999029875,56.68912057318392,0.9484911550468262,8387.070907327045,0.9484911550468262,0.95,0.0,0.55,0.0
50,62,5,truthful,7608.5970754479595,5884.995942516765,94.9192893954317,0.9552549427679501,7608.5970754479595,7608.59707544796,94.9192893954317,0.9552549427679501,7608.5970754479595,0.9552549427679501,,,,
50,62,5,strategic,7608.5970754479595,5296.496348265089,85.42736045588853,0.9552549427679501,7608.5970754479595,5326.017952813571,66.44350257680219,0.9552549427679501,7608.5970754479595,0.9552549427679501,0.9,18.435449809451455,0.7,0.0
50,62,5,truthful,8108.122675224435,6271.334281971937,101.15055293503126,0.9516129032258065,8108.122675224435,8108.122675224435,101.15055293503126,0.9516129032258065,8108.122675224435,0.9516129032258065,,,,
50,62,5,strategic,8108.122675224435,4703.500711478953,75.86291470127344,0.9516129032258065,8108.122675224435,5675.685872657104,70.80538705452187,0.9516129032258065,8108.122675224435,0.9516129032258065,0.75,0.0,0.7,52.557977666124025
50,62,5,truthful,8815.588566529457,6022.436733009115,97.13607633885672,0.9469302809573361,8815.588566529457,8815.588566529457,97.13607633885672,0.9469302809573361,8815.588566529457,0.9469302809573361,,,,
50,62,5,strategic,8815.588566529457,6022.436733009115,97.13607633885672,0.9469302809573361,8815.588566529457,4407.794283264729,48.56803816942836,0.9469302809573361,8815.588566529457,0.9469302809573361,1.0,17.559915618001767,0.5,0.0
50,62,5,truthful,8267.094406100634,6064.53730477881,97.81511781901305,0.9448491155046826,8267.094406100634,8267.094406100634,97.81511781901305,0.9448491155046826,8267.094406100634,0.9448491155046826,,,,
50,62,5,strategic,8267.094406100634,5154.856709061988,83.14285014616111,0.9448491155046826,8267.094406100634,5373.611363965412,63.579826582358486,0.9448491155046826,8267.094406100634,0.9448491155046826,0.8500000000000001,0.0,0.65,0.0
50,62,5,truthful,6937.299126714586,5345.8479665758205,86.22335429961001,0.9516129032258065,6937.299126714586,6937.299126714587,86.22335429961001,0.9516129032258065,6937.299126714586,0.9516129032258065,,,,
50,62,5,strategic,6937.299126714586,4276.678373260656,68.97868343968801,0.9516129032258065,6937.299126714586,4162.379476028753,51.734012579766,0.9516129032258065,6937.299126714586,0.9516129032258065,0.8,23.8201254559755,0.6,0.0
50,62,5,truthful,8711.067560945034,6644.539286231055,107.16998848759765,0.9479708636836629,8711.067560945034,8711.067560945034,107.16998848759765,0.9479708636836629,8711.067560945034,0.9479708636836629,,,,
50,62,5,strategic,8711.067560945034,5647.858393296396,91.094490214458,0.9479708636836629,8711.067560945034,6097.747292661523,75.01899194131835,0.9479708636836629,8711.067560945034,0.9479708636836629,0.8500000000000001,0.0,0.7,0.0
50,62,5,truthful,6957.303946122649,5369.549012516656,86.60562923413961,0.9531737773152966,6957.303946122649,6957.303946122651,86.60562923413961,0.9531737773152966,6957.303946122649,0.9531737773152966,,,,
50,62,5,strategic,6957.303946122649,5101.0715618908225,82.27534777243262,0.9531737773152966,6957.303946122649,3826.5171703674578,47.63309607877679,0.9531737773152966,6957.303946122649,0.9531737773152966,0.95,101.90530049521058,0.55,0.0
50,62,5,truthful,8070.332638897709,6094.72472542878,98.30201170046419,0.9458896982310093,8070.332638897709,8070.332638897711,98.30201170046419,0.9458896982310093,8070.332638897709,0.9458896982310093,,,,
50,62,5,strategic,8070.332638897709,6094.72472542878,98.30201170046419,0.9458896982310093,8070.332638897709,4438.682951393742,54.06610643525531,0.9458896982310093,8070.332638897709,0.9458896982310093,1.0,0.0,0.55,54.92836576335101
50,62,5,truthful,8492.074309816058,5941.202909559379,95.82585337998998,0.9464099895941728,8492.074309816058,8492.074309816058,95.82585337998998,0.9464099895941728,8492.074309816058,0.9464099895941728,,,,
50,62,5,strategic,8492.074309816058,5941.202909559379,95.82585337998998,0.9464099895941728,8492.074309816058,5519.848301380438,62.286804696993485,0.9464099895941728,8492.074309816058,0.9464099895941728,1.0,0.0,0.65,0.0
