n_airlines,m_slots,max_demand,bidding_mode,uniform_eff,uniform_rev,uniform_price,uniform_fair,disc_eff,disc_rev,disc_price,disc_fair,welfare_eff,welfare_fair,uniform_alpha,disc_alpha,uniform_eq_gap,disc_eq_gap,uniform_alpha0,disc_alpha0,uniform_alpha1,disc_alpha1,uniform_alpha2,disc_alpha2,uniform_alpha3,disc_alpha3,uniform_alpha4,disc_alpha4
20,25,5,truthful,2859.884498715457,2313.7197279481325,92.54878911792531,0.8864,2859.884498715457,2859.884498715457,92.54878911792531,0.8864,2859.884498715457,0.8864,1.0,1.0,0.0,0.0,1.0,1.0,1.0,1.0,1.0,1.0,1.0,1.0,1.0,1.0
20,25,5,strategic,2792.5127280581414,1571.0946400181047,62.843785600724175,0.9184,2814.1696321723716,1670.632114560651,54.74923193885315,0.8512,2859.884498715457,0.8864,0.676618708,0.6175604079999999,43.94385480733392,32.5988095103474,0.8036906799999999,0.48253936,0.7134620199999999,0.6421928799999999,0.5915303199999999,0.64560478,0.5757522399999998,0.6699666399999998,0.69865828,0.6474983799999998
20,25,5,truthful,2768.159807683267,2299.2593075208324,91.9703723008333,0.912,2768.159807683267,2768.1598076832674,91.9703723008333,0.912,2768.159807683267,0.912,1.0,1.0,0.0,0.0,1.0,1.0,1.0,1.0,1.0,1.0,1.0,1.0,1.0,1.0
20,25,5,strategic,2761.133981434927,1822.454148092299,72.89816592369195,0.9216,2708.582304471608,1571.3147281705164,56.13658864608167,0.8896,2768.159807683267,0.912,0.7774431039999998,0.627112288,24.999345109328317,33.83399221166184,0.8127699399999999,0.43542603999999996,0.7531572999999998,0.6428653,0.66750136,0.6390129399999999,0.8939398599999999,0.7654287399999999,0.7598470599999999,0.65282842
20,25,5,truthful,3090.3625061233815,2324.225597568281,92.96902390273124,0.88,3090.3625061233815,3090.3625061233815,92.96902390273124,0.88,3090.3625061233815,0.88,1.0,1.0,0.0,0.0,1.0,1.0,1.0,1.0,1.0,1.0,1.0,1.0,1.0,1.0
20,25,5,strategic,3076.1018353522113,1808.2160412105418,72.32864164842168,0.8992,3080.6045633095496,1846.3290134322112,56.094529151942524,0.864,3090.3625061233815,0.88,0.7297435,0.6239832159999998,44.36735440943243,34.05204575925388,0.7972409199999998,0.5541750999999998,0.8223729399999999,0.5655523,0.7768700199999998,0.7015502199999999,0.63312538,0.6196376199999999,0.6191082399999999,0.6790008399999998
20,25,5,truthful,3812.9226935154834,2209.50256688154,88.3801026752616,0.8608,3812.9226935154834,3812.9226935154825,88.3801026752616,0.8608,3812.9226935154834,0.8608,1.0,1.0,0.0,0.0,1.0,1.0,1.0,1.0,1.0,1.0,1.0,1.0,1.0,1.0
20,25,5,strategic,3794.027547109702,1701.7866085615854,68.07146434246341,0.8832,3789.7997940416226,2112.546391567622,48.078771053469445,0.8416,3812.9226935154834,0.8608,0.740356048,0.5860274199999999,39.397059562362216,38.99544482591041,0.8198022399999999,0.5125890999999999,0.7941208599999999,0.5247896799999998,0.6026919999999999,0.5565015999999999,0.72214,0.6075344199999998,0.7630251399999999,0.7287222999999998
20,25,5,truthful,3565.665462495028,2530.9108332832516,101.23643333133006,0.8608,3565.665462495028,3565.665462495028,101.23643333133006,0.8608,3565.665462495028,0.8608,1.0,1.0,0.0,0.0,1.0,1.0,1.0,1.0,1.0,1.0,1.0,1.0,1.0,1.0
20,25,5,strategic,3534.568532507255,1790.5754761497722,71.62301904599089,0.8704000000000001,3521.129281839777,2142.0755238043776,64.1990334947508,0.8415999999999999,3565.665462495028,0.8608,0.7088314479999999,0.6439233759999999,38.5365333595865,30.55778673899507,0.8439082599999999,0.48853599999999997,0.6204398799999999,0.5400890799999999,0.6048908199999998,0.7685464599999999,0.7268981199999998,0.6592964199999999,0.7480201599999998,0.7631489199999999
20,25,5,truthful,3088.110129475371,2327.5248446579567,93.10099378631827,0.8575999999999999,3088.110129475371,3088.1101294753717,93.10099378631827,0.8575999999999999,3088.110129475371,0.8575999999999999,1.0,1.0,0.0,0.0,1.0,1.0,1.0,1.0,1.0,1.0,1.0,1.0,1.0,1.0
20,25,5,strategic,3088.110129475371,1451.2360456917254,58.04944182766902,0.8575999999999999,3000.7968296758972,1820.9759745746737,53.72836604421348,0.8191999999999999,3088.110129475371,0.8575999999999999,0.6531106959999999,0.6424167039999998,49.04249097793057,32.95098755218043,0.6654113799999999,0.4957739199999999,0.6341051200000001,0.48204963999999995,0.6527978199999999,0.6719327799999999,0.5917305999999999,0.8373155199999998,0.7215085599999999,0.7250116599999998
20,25,5,truthful,3817.5828033504276,3136.162227051117,125.44648908204468,0.896,3817.5828033504276,3817.5828033504276,125.44648908204468,0.896,3817.5828033504276,0.896,1.0,1.0,0.0,0.0,1.0,1.0,1.0,1.0,1.0,1.0,1.0,1.0,1.0,1.0
20,25,5,strategic,3802.5185987843124,2181.678078350434,87.26712313401737,0.8864,3796.956438575746,2061.3118319483683,70.9113497175902,0.8832,3817.5828033504276,0.896,0.6881789319999998,0.562792624,39.910452726366884,35.34026862302119,0.6014938599999999,0.5297839,0.7802139399999999,0.5283041199999999,0.68389192,0.5643725799999999,0.7774475799999998,0.63293806,0.5978473599999999,0.5585644599999998
20,25,5,truthful,2601.4958352941626,2049.0908393380614,81.96363357352246,0.8928,2601.4958352941626,2601.495835294162,81.96363357352246,0.8928,2601.4958352941626,0.8928,1.0,1.0,0.0,0.0,1.0,1.0,1.0,1.0,1.0,1.0,1.0,1.0,1.0,1.0
20,25,5,strategic,2596.250687284063,1661.2772371828678,66.45108948731472,0.896,2571.088775742666,1514.0007332978894,49.427470094544205,0.8768,2601.4958352941626,0.8928,0.7269386319999999,0.590670568,25.57366279059572,33.0441125073541,0.8053277199999997,0.48379281999999996,0.8742785799999999,0.64927456,0.8154142,0.5455766199999998,0.6233801199999998,0.7724348799999998,0.5162925399999999,0.5022739599999999
20,25,5,truthful,3349.606716406506,2705.2138252480313,108.20855300992125,0.8672,3349.606716406506,3349.606716406506,108.20855300992125,0.8672,3349.606716406506,0.8672,1.0,1.0,0.0,0.0,1.0,1.0,1.0,1.0,1.0,1.0,1.0,1.0,1.0,1.0
20,25,5,strategic,3328.587342923617,1952.4014271267874,78.0960570850715,0.8735999999999999,3266.4648951878244,2031.7144333198949,69.15921428371709,0.8415999999999999,3349.606716406506,0.8672,0.708331456,0.6641017239999999,30.04080180039982,25.211258439718762,0.7765790199999999,0.5284401399999998,0.6703622199999998,0.55443844,0.7750984599999999,0.7049884,0.76324156,0.76672498,0.5563760199999999,0.7659166599999998
20,25,5,truthful,3772.1460532103447,2720.109134057907,108.80436536231628,0.8735999999999999,3772.1460532103447,3772.1460532103447,108.80436536231628,0.8735999999999999,3772.1460532103447,0.8735999999999999,1.0,1.0,0.0,0.0,1.0,1.0,1.0,1.0,1.0,1.0,1.0,1.0,1.0,1.0
20,25,5,strategic,3705.989997255694,1859.5876134593755,74.38350453837502,0.8704,3754.585938784462,2193.7475898873895,65.57008210958246,0.8448,3772.1460532103447,0.8735999999999999,0.6703662279999998,0.6115473879999999,41.13911824323203,33.64240756459265,0.8179912599999999,0.5591787399999999,0.53063242,0.4804684599999999,0.6456319599999999,0.6697736799999999,0.71289922,0.5876512599999999,0.6446762799999999,0.7606647999999999
30,38,5,truthful,4383.977325163759,3410.9067790695326,89.76070471235613,0.9210526315789473,4383.977325163759,4383.977325163759,89.76070471235613,0.9210526315789473,4383.977325163759,0.9210526315789473,1.0,1.0,0.0,0.0,1.0,1.0,1.0,1.0,1.0,1.0,1.0,1.0,1.0,1.0
30,38,5,strategic,4366.123963426326,2659.190013280901,69.97868456002371,0.9293628808864266,4335.919513454368,2505.2735056284014,53.52797586567129,0.9030470914127424,4383.977325163759,0.9210526315789473,0.7527880959999999,0.6173499159999999,33.9824378045119,34.47522880559813,0.7516314399999999,0.5100341199999999,0.8188779399999997,0.6101192199999999,0.7462244799999999,0.4825592799999999,0.6601982799999999,0.6829808199999999,0.7870083399999998,0.8010561399999998
30,38,5,truthful,4307.12217694469,3497.5436482817872,92.04062232320494,0.9335180055401662,4307.12217694469,4307.122176944691,92.04062232320494,0.9335180055401662,4307.12217694469,0.9335180055401662,1.0,1.0,0.0,0.0,1.0,1.0,1.0,1.0,1.0,1.0,1.0,1.0,1.0,1.0
30,38,5,strategic,4271.138648084411,2909.3880657205004,76.56284383475001,0.9404432132963989,4216.963910894892,2268.417394326141,51.45858203975311,0.909972299168975,4307.12217694469,0.9335180055401662,0.7957148079999998,0.5776579359999999,34.7027651017777,37.72593983966412,0.7832859399999998,0.4757634999999999,0.9259763799999998,0.5666256999999999,0.7015008999999999,0.4932881199999999,0.8044148199999999,0.6004087,0.7633959999999997,0.7522036599999999
30,38,5,truthful,4878.726104408966,3635.498130063014,95.67100342271088,0.9210526315789473,4878.726104408966,4878.726104408966,95.67100342271088,0.9210526315789473,4878.726104408966,0.9210526315789473,1.0,1.0,0.0,0.0,1.0,1.0,1.0,1.0,1.0,1.0,1.0,1.0,1.0,1.0
30,38,5,strategic,4839.3278830203035,2792.0856010595717,73.47593686998873,0.9265927977839336,4690.924374364493,3049.9016777788643,62.400793327045264,0.8878116343490305,4878.726104408966,0.9210526315789473,0.7296978639999999,0.6973417479999998,23.784043261932183,22.12237938413739,0.7994203599999998,0.5150483799999999,0.7958773599999999,0.5945676999999998,0.6545862999999998,0.7089030999999999,0.6382337799999999,0.8008190199999998,0.76037152,0.8673705399999997
30,38,5,truthful,5834.059551761744,3678.323057962727,96.79797520954546,0.9058171745152355,5834.059551761744,5834.059551761744,96.79797520954546,0.9058171745152355,5834.059551761744,0.9058171745152355,1.0,1.0,0.0,0.0,1.0,1.0,1.0,1.0,1.0,1.0,1.0,1.0,1.0,1.0
30,38,5,strategic,5714.147345248282,2619.090828848389,68.92344286443128,0.9210526315789473,5735.842422220586,3653.382903054989,61.0437732180299,0.9030470914127424,5834.059551761744,0.9058171745152355,0.664430848,0.6370723479999999,54.78735680666934,27.259980833862876,0.8126948199999999,0.5194773399999999,0.59667448,0.5915476,0.5947865199999999,0.7885383999999999,0.5921559999999999,0.7905487599999999,0.72584242,0.49524963999999994
30,38,5,truthful,5072.775339299326,3671.313250805581,96.61350660014688,0.9127423822714682,5072.775339299326,5072.775339299326,96.61350660014688,0.9127423822714682,5072.775339299326,0.9127423822714682,1.0,1.0,0.0,0.0,1.0,1.0,1.0,1.0,1.0,1.0,1.0,1.0,1.0,1.0
30,38,5,strategic,5050.33029955448,2711.50257094124,71.35533081424315,0.9196675900277008,5063.978180171004,3082.65089212074,58.48520874923912,0.9182825484764543,5072.775339299326,0.9127423822714682,0.7403226879999999,0.5945482239999998,33.15570410109215,29.508206008754527,0.7932501399999998,0.60680302,0.6234938199999999,0.6241029399999999,0.7949568999999999,0.46492581999999993,0.7908137199999999,0.7346771199999997,0.6990988599999999,0.5422322199999999
30,38,5,truthful,4407.86098139468,3386.5175970081623,89.11888413179373,0.9182825484764543,4407.86098139468,4407.86098139468,89.11888413179373,0.9182825484764543,4407.86098139468,0.9182825484764543,1.0,1.0,0.0,0.0,1.0,1.0,1.0,1.0,1.0,1.0,1.0,1.0,1.0,1.0
30,38,5,strategic,4355.384191861386,2346.2632698151983,61.74377025829468,0.9293628808864266,4378.6900821310555,2533.793187971504,51.623645149006464,0.9085872576177285,4407.86098139468,0.9182825484764543,0.6536910039999999,0.598160008,34.1298996718142,29.769650853140703,0.6863751999999999,0.53920576,0.7980106599999999,0.5803192599999998,0.6253379799999997,0.62434264,0.6943269399999998,0.55552552,0.46440423999999986,0.6914068599999998
30,38,5,truthful,5408.700475437259,4166.791538489197,109.65240890761044,0.9210526315789473,5408.700475437259,5408.70047543726,109.65240890761044,0.9210526315789473,5408.700475437259,0.9210526315789473,1.0,1.0,0.0,0.0,1.0,1.0,1.0,1.0,1.0,1.0,1.0,1.0,1.0,1.0
30,38,5,strategic,5373.362276916717,3028.899726238809,79.70788753260024,0.9293628808864266,5391.0103121139655,3261.271996175785,67.719594330279,0.9127423822714682,5408.700475437259,0.9210526315789473,0.7222061319999998,0.6242866119999999,49.41980700245189,22.357551332900826,0.7835122599999998,0.6005334999999998,0.7024423,0.4804546599999999,0.6684341799999999,0.6585240399999999,0.6228378999999999,0.7455685,0.8338040199999999,0.63635236
30,38,5,truthful,3825.280054409953,3082.5081566796084,81.11863570209496,0.9335180055401662,3825.280054409953,3825.280054409954,81.11863570209496,0.9335180055401662,3825.280054409953,0.9335180055401662,1.0,1.0,0.0,0.0,1.0,1.0,1.0,1.0,1.0,1.0,1.0,1.0,1.0,1.0
30,38,5,strategic,3791.82772568266,2189.1488688546797,57.60918075933368,0.9445983379501385,3718.856595181037,2092.39564433417,45.999254233620974,0.9085872576177285,3825.280054409953,0.9335180055401662,0.6930878919999999,0.602546572,61.45536134627752,32.157145335777486,0.8019158799999999,0.4655413599999999,0.7036193799999999,0.58936594,0.58057438,0.56663452,0.7695470799999998,0.7030712199999999,0.6097827399999999,0.6881198199999998
30,38,5,truthful,4865.485850287511,3790.069001059236,99.7386579226115,0.9182825484764543,4865.485850287511,4865.48585028751,99.7386579226115,0.9182825484764543,4865.485850287511,0.9182825484764543,1.0,1.0,0.0,0.0,1.0,1.0,1.0,1.0,1.0,1.0,1.0,1.0,1.0,1.0
30,38,5,strategic,4830.536924302561,2803.4229791483494,73.77428892495656,0.9210526315789473,4707.383302883817,2817.9253324442725,59.36277508245242,0.8822714681440443,4865.485850287511,0.9182825484764543,0.7181840799999998,0.6364976559999999,52.157516710961296,34.35074319585532,0.7307627799999998,0.49365844,0.8167992399999998,0.5112450399999999,0.6884884599999999,0.6632971599999999,0.7557479799999999,0.63318118,0.5991219399999999,0.8811064599999998
30,38,5,truthful,5675.370074990724,4056.8757522825686,106.75988821796234,0.9113573407202216,5675.370074990724,5675.370074990724,106.75988821796234,0.9113573407202216,5675.370074990724,0.9113573407202216,1.0,1.0,0.0,0.0,1.0,1.0,1.0,1.0,1.0,1.0,1.0,1.0,1.0,1.0
30,38,5,strategic,5641.903679427066,2921.5329117744645,76.88244504669645,0.9182825484764543,5636.142851796379,3581.737860762643,66.0611529720099,0.9016620498614959,5675.370074990724,0.9113573407202216,0.713135848,0.6554357559999999,40.988054117164815,32.221156106221784,0.7297121199999999,0.5777494,0.8197607199999998,0.5823351999999999,0.6589409799999999,0.6191650599999998,0.6458065599999999,0.8612454399999999,0.7114588599999999,0.63668368
40,50,5,truthful,5857.969213726745,4666.132175094864,93.32264350189728,0.9416,5857.969213726745,5857.969213726747,93.32264350189728,0.9416,5857.969213726745,0.9416,1.0,1.0,0.0,0.0,1.0,1.0,1.0,1.0,1.0,1.0,1.0,1.0,1.0,1.0
40,50,5,strategic,5816.023424118443,3506.6384869128824,70.13276973825765,0.9488,5718.966775448351,3526.411739784226,58.87881669966396,0.9216,5857.969213726745,0.9416,0.7395549759999998,0.655797712,28.597105553245882,39.021486154729786,0.8312098599999999,0.50095894,0.7441898799999997,0.5669264199999999,0.6406847199999999,0.61896058,0.7276191999999999,0.88599418,0.7540712199999999,0.70614844
40,50,5,truthful,6293.427984219118,4709.229641388177,94.18459282776354,0.9456,6293.427984219118,6293.427984219119,94.18459282776354,0.9456,6293.427984219118,0.9456,1.0,1.0,0.0,0.0,1.0,1.0,1.0,1.0,1.0,1.0,1.0,1.0,1.0,1.0
40,50,5,strategic,6287.047681118813,3424.571848986173,68.49143697972345,0.9432,6251.420905227808,4149.603436916015,62.89036099942309,0.9359999999999999,6293.427984219118,0.9456,0.7274449239999999,0.6850663719999999,41.03468052395901,17.514371895293074,0.7110901599999999,0.6528695199999999,0.7372463199999999,0.6449190999999999,0.70930852,0.6448158999999999,0.7732203399999998,0.6381558399999998,0.7063592799999998,0.8445714999999998
40,50,5,truthful,6359.328536852552,5013.324908314896,100.26649816629792,0.9424,6359.328536852552,6359.32853685255,100.26649816629792,0.9424,6359.328536852552,0.9424,1.0,1.0,0.0,0.0,1.0,1.0,1.0,1.0,1.0,1.0,1.0,1.0,1.0,1.0
40,50,5,strategic,6251.327264924584,3889.3471619184397,77.78694323836879,0.9528,6297.981302813174,3873.480967978955,61.430615558294825,0.9408,6359.328536852552,0.9424,0.7547204319999998,0.6437081199999999,58.42767262135853,37.23844106775854,0.9047326599999999,0.5968861599999999,0.7249524999999999,0.4965348399999999,0.8283719799999998,0.7094534799999999,0.7259751999999999,0.6941477199999999,0.58956982,0.7215183999999999
40,50,5,truthful,7208.030402096476,4753.171919453346,95.06343838906693,0.9336,7208.030402096476,7208.030402096474,95.06343838906693,0.9336,7208.030402096476,0.9336,1.0,1.0,0.0,0.0,1.0,1.0,1.0,1.0,1.0,1.0,1.0,1.0,1.0,1.0
40,50,5,strategic,7138.107072517846,3952.7683530487943,79.05536706097588,0.9432,7166.829657186519,4215.41417791345,55.89843129499842,0.9232,7208.030402096476,0.9336,0.7778525799999998,0.6109193319999999,37.32340701474054,28.354531905773825,0.8963994399999999,0.50895298,0.8585775399999998,0.49712842,0.7699970799999999,0.7252184199999998,0.7239891999999999,0.6101283999999999,0.6402996399999998,0.71316844
40,50,5,truthful,6592.219933224592,4892.516372786386,97.85032745572771,0.9296,6592.219933224592,6592.219933224593,97.85032745572771,0.9296,6592.219933224592,0.9296,1.0,1.0,0.0,0.0,1.0,1.0,1.0,1.0,1.0,1.0,1.0,1.0,1.0,1.0
40,50,5,strategic,6518.534454692344,3923.5120165512462,78.47024033102493,0.9456,6581.06152887404,4026.300580868383,59.232146769848605,0.9296,6592.219933224592,0.9296,0.7671339879999998,0.625913596,42.94478780292809,25.8641620707629,0.8895844599999998,0.58074586,0.7959873999999999,0.5514306399999999,0.7978838799999999,0.72156382,0.7259229399999999,0.5396154399999998,0.6262912599999999,0.7362122199999999
40,50,5,truthful,5599.738578935271,4173.297340724664,83.46594681449328,0.9376,5599.738578935271,5599.738578935269,83.46594681449328,0.9376,5599.738578935271,0.9376,1.0,1.0,0.0,0.0,1.0,1.0,1.0,1.0,1.0,1.0,1.0,1.0,1.0,1.0
40,50,5,strategic,5568.210121407264,2769.998977398149,55.39997954796297,0.94,5567.403747974852,3466.1591674722567,52.2681181123198,0.9328,5599.738578935271,0.9376,0.6778127199999999,0.652297456,21.847653370142126,26.519124204388888,0.6832640799999999,0.6181574199999998,0.7116801399999999,0.5219729799999999,0.57616858,0.6721527399999999,0.6531576399999999,0.6466045,0.7647931599999999,0.8025996399999998
40,50,5,truthful,6935.712041121301,5414.014158861368,108.28028317722736,0.9392,6935.712041121301,6935.712041121301,108.28028317722736,0.9392,6935.712041121301,0.9392,1.0,1.0,0.0,0.0,1.0,1.0,1.0,1.0,1.0,1.0,1.0,1.0,1.0,1.0
40,50,5,strategic,6934.257168722119,4102.180245367304,82.0436049073461,0.9424,6877.811853209163,4188.329641970394,67.20071134411188,0.9296,6935.712041121301,0.9392,0.712902088,0.6390491079999998,45.43700390437858,27.983089282254888,0.7616028399999999,0.5329791999999999,0.7453838199999998,0.6582491199999999,0.8033538399999998,0.6387331599999999,0.7637280399999999,0.6024103599999999,0.49044189999999993,0.7628736999999999
40,50,5,truthful,5105.038229879492,4124.060562993686,82.48121125987372,0.944,5105.038229879492,5105.038229879492,82.48121125987372,0.944,5105.038229879492,0.944,1.0,1.0,0.0,0.0,1.0,1.0,1.0,1.0,1.0,1.0,1.0,1.0,1.0,1.0
40,50,5,strategic,5075.566429181546,2951.898892049918,59.03797784099836,0.9448,4967.911818938176,3019.800495905137,50.59350989759154,0.9232,5105.038229879492,0.944,0.7194851319999999,0.655345216,39.62084974480681,37.78129913830021,0.7527183399999999,0.5029098999999999,0.6226079199999999,0.6124188399999999,0.7897988799999999,0.6253191399999999,0.7392091599999999,0.6968355999999999,0.6930913599999999,0.8392426
40,50,5,truthful,6623.619977495279,5020.182580266661,100.40365160533321,0.9304,6623.619977495279,6623.619977495278,100.40365160533321,0.9304,6623.619977495279,0.9304,1.0,1.0,0.0,0.0,1.0,1.0,1.0,1.0,1.0,1.0,1.0,1.0,1.0,1.0
40,50,5,strategic,6587.578022915422,3199.8681162376697,63.9973623247534,0.9319999999999999,6523.000880181954,4036.7887581749264,62.99652503703798,0.9136,6623.619977495279,0.9304,0.6664361799999998,0.6446925279999999,45.39947875565204,25.271336880737827,0.5896740999999999,0.5645254,0.6875795799999997,0.5892550599999999,0.7488677799999999,0.63953278,0.7232091399999999,0.6086110599999999,0.5828502999999998,0.8215383399999998
40,50,5,truthful,6954.916572067645,5065.586493484805,101.3117298696961,0.9319999999999999,6954.916572067645,6957.723838035778,101.3117298696961,0.9319999999999999,6954.916572067645,0.9319999999999999,1.0,1.0,0.0,0.0,1.0,1.0,1.0,1.0,1.0,1.0,1.0,1.0,1.0,1.0
40,50,5,strategic,6915.689602075994,3793.68610398125,75.87372207962501,0.9319999999999999,6900.872649503285,3938.9779602599774,56.16175805840528,0.9239999999999999,6954.916572067645,0.9319999999999999,0.771979444,0.6031901679999999,41.68649361284167,18.55143659210023,0.5452720599999998,0.52819102,0.8678643399999997,0.50100598,0.9010903599999998,0.6019714599999999,0.7117023399999999,0.7197966999999998,0.83396812,0.6649856799999999
50,62,5,truthful,8387.070907327045,6390.409955522551,103.07112831487984,0.9484911550468262,8387.070907327045,8387.070907327045,103.07112831487984,0.9484911550468262,8387.070907327045,0.9484911550468262,1.0,1.0,0.0,0.0,1.0,1.0,1.0,1.0,1.0,1.0,1.0,1.0,1.0,1.0
50,62,5,strategic,8351.975465140455,5035.8045945154445,81.2226547502491,0.9484911550468262,8257.034648998131,5087.408416922828,63.724826705195326,0.9344432882414152,8387.070907327045,0.9484911550468262,0.7529678079999998,0.6568681719999999,36.918615804112406,31.094588971228262,0.7880252799999999,0.52200484,0.7487114199999998,0.51220444,0.7966719399999997,0.7185906999999998,0.86462758,0.7934668599999999,0.5668028199999999,0.7380740199999998
50,62,5,truthful,7608.5970754479595,5884.995942516765,94.9192893954317,0.9552549427679501,7608.5970754479595,7608.59707544796,94.9192893954317,0.9552549427679501,7608.5970754479595,0.9552549427679501,1.0,1.0,0.0,0.0,1.0,1.0,1.0,1.0,1.0,1.0,1.0,1.0,1.0,1.0
50,62,5,strategic,7578.667981909911,4455.987649814664,71.87076854539781,0.9516129032258065,7545.039177517506,4491.001800894343,56.363122540228986,0.9474505723204995,7608.5970754479595,0.9552549427679501,0.7503043119999998,0.6261675879999998,31.58055937525976,20.370308978771547,0.7423217199999999,0.49267905999999995,0.7194996399999999,0.64943422,0.8405331399999998,0.6570769,0.8060752599999997,0.6180548799999999,0.6430918,0.7135928799999998
50,62,5,truthful,8108.122675224435,6271.334281971937,101.15055293503126,0.9516129032258065,8108.122675224435,8108.122675224435,101.15055293503126,0.9516129032258065,8108.122675224435,0.9516129032258065,1.0,1.0,0.0,0.0,1.0,1.0,1.0,1.0,1.0,1.0,1.0,1.0,1.0,1.0
50,62,5,strategic,7980.347933331269,4567.725847560376,73.67299754129638,0.9625390218522373,7923.758603476265,4886.865321222404,62.69780934837158,0.9344432882414152,8108.122675224435,0.9516129032258065,0.7090422519999999,0.6519848079999999,38.92855141916543,30.33717021832485,0.8922543999999999,0.5211993999999999,0.5769388,0.5080670199999999,0.7928274399999999,0.75824512,0.50597746,0.66469384,0.7772131599999998,0.8077186599999999
50,62,5,truthful,8815.588566529457,6022.436733009115,97.13607633885672,0.9469302809573361,8815.588566529457,8815.588566529457,97.13607633885672,0.9469302809573361,8815.588566529457,0.9469302809573361,1.0,1.0,0.0,0.0,1.0,1.0,1.0,1.0,1.0,1.0,1.0,1.0,1.0,1.0
50,62,5,strategic,8800.023346707754,4882.680133592639,78.75290538052643,0.9464099895941728,8704.25070651035,4998.897499933517,57.66653421379947,0.9417273673257024,8815.588566529457,0.9469302809573361,0.8100234039999998,0.5875628679999999,31.9964167008486,29.551614523541694,0.7571048799999999,0.44894961999999994,0.8957132799999998,0.48091611999999995,0.7980436599999998,0.75244048,0.8607471399999997,0.7214696199999998,0.7385080599999999,0.5340384999999999
50,62,5,truthful,8267.094406100634,6064.53730477881,97.81511781901305,0.9448491155046826,8267.094406100634,8267.094406100634,97.81511781901305,0.9448491155046826,8267.094406100634,0.9448491155046826,1.0,1.0,0.0,0.0,1.0,1.0,1.0,1.0,1.0,1.0,1.0,1.0,1.0,1.0
50,62,5,strategic,8003.312096980247,4533.843526435363,73.12650849089295,0.9599375650364204,8211.298583483536,4781.977798940612,56.98415326297991,0.9401664932362123,8267.094406100634,0.9448491155046826,0.6880824279999999,0.5938609479999999,36.64964408416832,35.224179824075925,0.78709612,0.4661277399999999,0.9159929799999997,0.6185198799999999,0.53212558,0.6978996999999999,0.54768946,0.5951801800000001,0.6575079999999999,0.5915772399999999
50,62,5,truthful,6937.299126714586,5345.8479665758205,86.22335429961001,0.9516129032258065,6937.299126714586,6937.299126714587,86.22335429961001,0.9516129032258065,6937.299126714586,0.9516129032258065,1.0,1.0,0.0,0.0,1.0,1.0,1.0,1.0,1.0,1.0,1.0,1.0,1.0,1.0
50,62,5,strategic,6881.489595248684,4110.2208156905945,66.29388412404184,0.9573361082206036,6706.503657500965,3766.4567119014414,47.289920755268774,0.9328824141519251,6937.299126714586,0.9516129032258065,0.7453744239999999,0.611256496,33.01432023285821,39.34196205091946,0.7269758199999999,0.44436999999999993,0.8749576599999997,0.46998424,0.71990188,0.6321703,0.66868294,0.7376070399999999,0.7363538199999999,0.7721508999999998
50,62,5,truthful,8711.067560945034,6644.539286231055,107.16998848759765,0.9479708636836629,8711.067560945034,8711.067560945034,107.16998848759765,0.9479708636836629,8711.067560945034,0.9479708636836629,1.0,1.0,0.0,0.0,1.0,1.0,1.0,1.0,1.0,1.0,1.0,1.0,1.0,1.0
50,62,5,strategic,8609.485280875208,5010.76603227228,80.81880697213354,0.9599375650364204,8694.978294383662,4884.130466093386,61.91805635309823,0.9479708636836629,8711.067560945034,0.9479708636836629,0.695261272,0.5720943159999999,36.27594449560043,34.5870934137832,0.8040963399999999,0.5494364799999999,0.8109107799999999,0.49921797999999995,0.6593869599999999,0.49502895999999996,0.62391208,0.7770287199999999,0.5780002,0.53975944
50,62,5,truthful,6957.303946122649,5369.549012516656,86.60562923413961,0.9531737773152966,6957.303946122649,6957.303946122651,86.60562923413961,0.9531737773152966,6957.303946122649,0.9531737773152966,1.0,1.0,0.0,0.0,1.0,1.0,1.0,1.0,1.0,1.0,1.0,1.0,1.0,1.0
50,62,5,strategic,6917.296870113654,4383.439642933755,70.70063940215734,0.9552549427679501,6952.985446652457,4131.488625891008,51.60277671694929,0.9516129032258065,6957.303946122649,0.9531737773152966,0.7672174839999999,0.617979952,42.20226094903008,31.338766103126623,0.7897275999999999,0.5764040799999999,0.8356581399999998,0.60085636,0.8052001599999998,0.49521958,0.8291442399999998,0.6782112399999999,0.5763572799999999,0.7392084999999999
50,62,5,truthful,8070.332638897709,6094.72472542878,98.30201170046419,0.9458896982310093,8070.332638897709,8070.332638897711,98.30201170046419,0.9458896982310093,8070.332638897709,0.9458896982310093,1.0,1.0,0.0,0.0,1.0,1.0,1.0,1.0,1.0,1.0,1.0,1.0,1.0,1.0
50,62,5,strategic,7989.863786627515,4368.371640841508,70.45760711034691,0.9526534859521332,8003.935935036433,5255.80145669266,63.08238014066107,0.9469302809573361,8070.332638897709,0.9458896982310093,0.6992393079999999,0.6465543999999998,37.65641637712221,17.107610685985918,0.7885309599999999,0.6197399199999999,0.6730342599999999,0.7394118999999999,0.6071393199999999,0.6067209399999999,0.6097933,0.5863370199999999,0.8176986999999999,0.6805622199999999
50,62,5,truthful,8492.074309816058,5941.202909559379,95.82585337998998,0.9464099895941728,8492.074309816058,8492.074309816058,95.82585337998998,0.9464099895941728,8492.074309816058,0.9464099895941728,1.0,1.0,0.0,0.0,1.0,1.0,1.0,1.0,1.0,1.0,1.0,1.0,1.0,1.0
50,62,5,strategic,8360.907617350758,4442.322829548693,71.65036821852732,0.9542143600416233,8443.801780563334,5369.483259409581,60.558502008343275,0.9406867845993756,8492.074309816058,0.9464099895941728,0.7203755199999999,0.648074092,40.557544305641294,22.878182141426088,0.8503206399999998,0.6002597799999999,0.49587423999999986,0.5799800799999999,0.8816446599999999,0.7364624199999998,0.6284748399999999,0.6683349999999999,0.74556322,0.65533318
